{"train_validation": [{"epoch": 1, "train_loss": 1.9747379882497846, "val_metrics": {"offensive": {"accuracy": 0.8954451345755694, "f1": 0.8881987577639746, "classification_report": "              precision    recall  f1-score   support\n\n           0       0.89      0.94      0.91       570\n           1       0.90      0.83      0.87       395\n\n    accuracy                           0.90       965\n   macro avg       0.90      0.89      0.89       965\nweighted avg       0.90      0.90      0.89       965\n"}, "offensive_level": {"accuracy": 0.8178053830227743, "f1": 0.8112491373360936, "classification_report": "              precision    recall  f1-score   support\n\n           0       0.90      0.94      0.92       568\n           1       0.57      0.73      0.64       199\n           2       0.96      0.55      0.70       198\n\n    accuracy                           0.82       965\n   macro avg       0.81      0.74      0.75       965\nweighted avg       0.84      0.82      0.82       965\n"}, "sentiment": {"accuracy": 0.634575569358178, "f1": 0.621463077984817, "classification_report": "              precision    recall  f1-score   support\n\n           0       0.00      0.00      0.00       156\n           1       0.44      0.62      0.51       261\n           2       0.76      0.82      0.79       548\n\n    accuracy                           0.63       965\n   macro avg       0.40      0.48      0.43       965\nweighted avg       0.55      0.63      0.59       965\n"}}}, {"epoch": 2, "train_loss": 1.4242220143839017, "val_metrics": {"offensive": {"accuracy": 0.8933747412008282, "f1": 0.8833678398895783, "classification_report": "              precision    recall  f1-score   support\n\n           0       0.86      0.98      0.92       570\n           1       0.96      0.77      0.86       395\n\n    accuracy                           0.89       965\n   macro avg       0.91      0.87      0.89       965\nweighted avg       0.90      0.89      0.89       965\n"}, "offensive_level": {"accuracy": 0.849896480331263, "f1": 0.836093857832988, "classification_report": "              precision    recall  f1-score   support\n\n           0       0.86      0.99      0.92       568\n           1       0.77      0.54      0.64       199\n           2       0.87      0.77      0.82       198\n\n    accuracy                           0.85       965\n   macro avg       0.84      0.77      0.79       965\nweighted avg       0.84      0.85      0.84       965\n"}, "sentiment": {"accuracy": 0.6231884057971014, "f1": 0.6318150448585226, "classification_report": "              precision    recall  f1-score   support\n\n           0       0.50      0.54      0.52       156\n           1       0.42      0.72      0.53       261\n           2       0.94      0.60      0.73       548\n\n    accuracy                           0.62       965\n   macro avg       0.62      0.62      0.59       965\nweighted avg       0.73      0.62      0.64       965\n"}}}]}