{"train_validation": [{"epoch": 1, "train_loss": 1.0126476221614413, "val_metrics": {"sentiment": {"accuracy": 0.9583333333333334, "f1": 0.9404761904761904, "classification_report": "              precision    recall  f1-score   support\n\n           1       0.00      0.00      0.00         1\n           2       0.96      1.00      0.98        23\n\n    accuracy                           0.96        24\n   macro avg       0.48      0.50      0.49        24\nweighted avg       0.92      0.96      0.94        24\n"}}}]}