{"train_validation": [{"epoch": 1, "train_loss": 1.603424310684204, "val_metrics": {"sentiment": {"accuracy": 0.43, "f1": 0.3251428571428571, "classification_report": "              precision    recall  f1-score   support\n\n           0       0.00      0.00      0.00         5\n           1       0.00      0.00      0.00        18\n           2       0.38      0.16      0.22        19\n           3       0.43      0.93      0.59        43\n           4       0.00      0.00      0.00        15\n\n    accuracy                           0.43       100\n   macro avg       0.16      0.22      0.16       100\nweighted avg       0.26      0.43      0.30       100\n"}}}, {"epoch": 2, "train_loss": 1.3853063308275664, "val_metrics": {"sentiment": {"accuracy": 0.43, "f1": 0.29580952380952374, "classification_report": "              precision    recall  f1-score   support\n\n           0       0.00      0.00      0.00         5\n           1       0.00      0.00      0.00        18\n           2       0.00      0.00      0.00        19\n           3       0.43      1.00      0.60        43\n           4       0.00      0.00      0.00        15\n\n    accuracy                           0.43       100\n   macro avg       0.09      0.20      0.12       100\nweighted avg       0.18      0.43      0.26       100\n"}}}, {"epoch": 3, "train_loss": 1.3354948850778432, "val_metrics": {"sentiment": {"accuracy": 0.43, "f1": 0.29580952380952374, "classification_report": "              precision    recall  f1-score   support\n\n           0       0.00      0.00      0.00         5\n           1       0.00      0.00      0.00        18\n           2       0.00      0.00      0.00        19\n           3       0.43      1.00      0.60        43\n           4       0.00      0.00      0.00        15\n\n    accuracy                           0.43       100\n   macro avg       0.09      0.20      0.12       100\nweighted avg       0.18      0.43      0.26       100\n"}}}, {"epoch": 4, "train_loss": 1.2671209436196547, "val_metrics": {"sentiment": {"accuracy": 0.43, "f1": 0.29580952380952374, "classification_report": "              precision    recall  f1-score   support\n\n           0       0.00      0.00      0.00         5\n           1       0.00      0.00      0.00        18\n           2       0.00      0.00      0.00        19\n           3       0.43      1.00      0.60        43\n           4       0.00      0.00      0.00        15\n\n    accuracy                           0.43       100\n   macro avg       0.09      0.20      0.12       100\nweighted avg       0.18      0.43      0.26       100\n"}}}]}