{"train_validation": [{"epoch": 1, "train_loss": 1.649874210357666, "val_metrics": {"engagement": {"accuracy": 0.16, "f1": 0.0883809523809524, "classification_report": "              precision    recall  f1-score   support\n\n           0       0.00      0.00      0.00        24\n           1       0.00      0.00      0.00        21\n           2       0.16      1.00      0.28        16\n           3       0.00      0.00      0.00        20\n           4       0.00      0.00      0.00        19\n\n    accuracy                           0.16       100\n   macro avg       0.03      0.20      0.06       100\nweighted avg       0.03      0.16      0.04       100\n"}}}]}