{"train_validation": [{"epoch": 1, "train_loss": 1.6115657824736376, "val_metrics": {"sentiment": {"accuracy": 0.38, "f1": 0.24342857142857136, "classification_report": "              precision    recall  f1-score   support\n\n           0       0.00      0.00      0.00         4\n           1       0.00      0.00      0.00        15\n           2       0.00      0.00      0.00        19\n           3       0.38      1.00      0.55        38\n           4       0.00      0.00      0.00        24\n\n    accuracy                           0.38       100\n   macro avg       0.08      0.20      0.11       100\nweighted avg       0.14      0.38      0.21       100\n"}}}, {"epoch": 2, "train_loss": 1.4786499738693237, "val_metrics": {"sentiment": {"accuracy": 0.38, "f1": 0.2504285714285714, "classification_report": "              precision    recall  f1-score   support\n\n           0       0.00      0.00      0.00         4\n           1       0.00      0.00      0.00        15\n           2       0.50      0.05      0.10        19\n           3       0.38      0.97      0.54        38\n           4       0.00      0.00      0.00        24\n\n    accuracy                           0.38       100\n   macro avg       0.18      0.21      0.13       100\nweighted avg       0.24      0.38      0.22       100\n"}}}, {"epoch": 3, "train_loss": 1.4442997070459218, "val_metrics": {"sentiment": {"accuracy": 0.38, "f1": 0.24342857142857136, "classification_report": "              precision    recall  f1-score   support\n\n           0       0.00      0.00      0.00         4\n           1       0.00      0.00      0.00        15\n           2       0.00      0.00      0.00        19\n           3       0.38      1.00      0.55        38\n           4       0.00      0.00      0.00        24\n\n    accuracy                           0.38       100\n   macro avg       0.08      0.20      0.11       100\nweighted avg       0.14      0.38      0.21       100\n"}}}]}