{"train_validation": [{"epoch": 1, "train_loss": 1.645432472229004, "val_metrics": {"sentiment": {"accuracy": 0.33, "f1": 0.24, "classification_report": "              precision    recall  f1-score   support\n\n           0       0.00      0.00      0.00         2\n           1       0.00      0.00      0.00        13\n           2       0.00      0.00      0.00        21\n           3       0.42      0.14      0.21        35\n           4       0.32      0.97      0.48        29\n\n    accuracy                           0.33       100\n   macro avg       0.15      0.22      0.14       100\nweighted avg       0.24      0.33      0.21       100\n"}}}, {"epoch": 2, "train_loss": 1.4668605419305654, "val_metrics": {"sentiment": {"accuracy": 0.35, "f1": 0.21009523809523803, "classification_report": "              precision    recall  f1-score   support\n\n           0       0.00      0.00      0.00         2\n           1       0.00      0.00      0.00        13\n           2       0.00      0.00      0.00        21\n           3       0.35      1.00      0.52        35\n           4       0.00      0.00      0.00        29\n\n    accuracy                           0.35       100\n   macro avg       0.07      0.20      0.10       100\nweighted avg       0.12      0.35      0.18       100\n"}}}, {"epoch": 3, "train_loss": 1.4448474187117357, "val_metrics": {"sentiment": {"accuracy": 0.29, "f1": 0.16933333333333336, "classification_report": "              precision    recall  f1-score   support\n\n           0       0.00      0.00      0.00         2\n           1       0.00      0.00      0.00        13\n           2       0.00      0.00      0.00        21\n           3       0.00      0.00      0.00        35\n           4       0.29      1.00      0.45        29\n\n    accuracy                           0.29       100\n   macro avg       0.06      0.20      0.09       100\nweighted avg       0.08      0.29      0.13       100\n"}}}, {"epoch": 4, "train_loss": 1.3832543813265288, "val_metrics": {"sentiment": {"accuracy": 0.39, "f1": 0.311047619047619, "classification_report": "              precision    recall  f1-score   support\n\n           0       0.00      0.00      0.00         2\n           1       0.00      0.00      0.00        13\n           2       0.00      0.00      0.00        21\n           3       0.37      0.69      0.48        35\n           4       0.43      0.52      0.47        29\n\n    accuracy                           0.39       100\n   macro avg       0.16      0.24      0.19       100\nweighted avg       0.25      0.39      0.30       100\n"}}}]}