{"train_validation": [{"epoch": 1, "train_loss": 1.622781726030203, "val_metrics": {"sentiment": {"accuracy": 0.21, "f1": 0.172, "classification_report": "              precision    recall  f1-score   support\n\n           0       0.00      0.00      0.00         5\n           1       0.16      0.73      0.27        15\n           2       0.31      0.45      0.37        22\n           3       0.00      0.00      0.00        37\n           4       0.00      0.00      0.00        21\n\n    accuracy                           0.21       100\n   macro avg       0.09      0.24      0.13       100\nweighted avg       0.09      0.21      0.12       100\n"}}}, {"epoch": 2, "train_loss": 1.619538637307974, "val_metrics": {"sentiment": {"accuracy": 0.21, "f1": 0.172, "classification_report": "              precision    recall  f1-score   support\n\n           0       0.00      0.00      0.00         5\n           1       0.16      0.73      0.27        15\n           2       0.31      0.45      0.37        22\n           3       0.00      0.00      0.00        37\n           4       0.00      0.00      0.00        21\n\n    accuracy                           0.21       100\n   macro avg       0.09      0.24      0.13       100\nweighted avg       0.09      0.21      0.12       100\n"}}}, {"epoch": 3, "train_loss": 1.6187998423209558, "val_metrics": {"sentiment": {"accuracy": 0.22, "f1": 0.18533333333333335, "classification_report": "              precision    recall  f1-score   support\n\n           0       0.00      0.00      0.00         5\n           1       0.17      0.73      0.28        15\n           2       0.31      0.45      0.37        22\n           3       0.00      0.00      0.00        37\n           4       0.25      0.05      0.08        21\n\n    accuracy                           0.22       100\n   macro avg       0.15      0.25      0.15       100\nweighted avg       0.15      0.22      0.14       100\n"}}}, {"epoch": 4, "train_loss": 1.61740635908567, "val_metrics": {"sentiment": {"accuracy": 0.21, "f1": 0.17533333333333334, "classification_report": "              precision    recall  f1-score   support\n\n           0       0.00      0.00      0.00         5\n           1       0.17      0.67      0.27        15\n           2       0.31      0.45      0.37        22\n           3       0.00      0.00      0.00        37\n           4       0.12      0.05      0.07        21\n\n    accuracy                           0.21       100\n   macro avg       0.12      0.23      0.14       100\nweighted avg       0.12      0.21      0.14       100\n"}}}]}