{"train_validation": [{"epoch": 1, "train_loss": 1.5782792293108427, "val_metrics": {"sentiment": {"accuracy": 0.37, "f1": 0.2455238095238094, "classification_report": "              precision    recall  f1-score   support\n\n           0       0.00      0.00      0.00         5\n           1       0.00      0.00      0.00        15\n           2       0.00      0.00      0.00        22\n           3       0.37      1.00      0.54        37\n           4       0.00      0.00      0.00        21\n\n    accuracy                           0.37       100\n   macro avg       0.07      0.20      0.11       100\nweighted avg       0.14      0.37      0.20       100\n"}}}, {"epoch": 2, "train_loss": 1.4995078031833355, "val_metrics": {"sentiment": {"accuracy": 0.23, "f1": 0.20666666666666664, "classification_report": "              precision    recall  f1-score   support\n\n           0       0.00      0.00      0.00         5\n           1       0.00      0.00      0.00        15\n           2       0.00      0.00      0.00        22\n           3       0.28      0.27      0.27        37\n           4       0.20      0.62      0.31        21\n\n    accuracy                           0.23       100\n   macro avg       0.10      0.18      0.12       100\nweighted avg       0.15      0.23      0.17       100\n"}}}, {"epoch": 3, "train_loss": 1.4875794098927424, "val_metrics": {"sentiment": {"accuracy": 0.37, "f1": 0.2455238095238094, "classification_report": "              precision    recall  f1-score   support\n\n           0       0.00      0.00      0.00         5\n           1       0.00      0.00      0.00        15\n           2       0.00      0.00      0.00        22\n           3       0.37      1.00      0.54        37\n           4       0.00      0.00      0.00        21\n\n    accuracy                           0.37       100\n   macro avg       0.07      0.20      0.11       100\nweighted avg       0.14      0.37      0.20       100\n"}}}]}