{"train_validation": [{"epoch": 1, "train_loss": 1.6235835002018855, "val_metrics": {"sentiment": {"accuracy": 0.13, "f1": 0.10233333333333335, "classification_report": "              precision    recall  f1-score   support\n\n           0       0.03      0.25      0.06         4\n           1       0.14      0.40      0.21        15\n           2       0.19      0.26      0.22        19\n           3       0.33      0.03      0.05        38\n           4       0.00      0.00      0.00        24\n\n    accuracy                           0.13       100\n   macro avg       0.14      0.19      0.11       100\nweighted avg       0.19      0.13      0.09       100\n"}}}, {"epoch": 2, "train_loss": 1.6218110689750085, "val_metrics": {"sentiment": {"accuracy": 0.19, "f1": 0.153, "classification_report": "              precision    recall  f1-score   support\n\n           0       0.06      0.25      0.10         4\n           1       0.15      0.40      0.22        15\n           2       0.26      0.53      0.34        19\n           3       0.50      0.05      0.10        38\n           4       0.00      0.00      0.00        24\n\n    accuracy                           0.19       100\n   macro avg       0.19      0.25      0.15       100\nweighted avg       0.26      0.19      0.14       100\n"}}}, {"epoch": 3, "train_loss": 1.620208162527818, "val_metrics": {"sentiment": {"accuracy": 0.22, "f1": 0.17866666666666667, "classification_report": "              precision    recall  f1-score   support\n\n           0       0.00      0.00      0.00         4\n           1       0.14      0.27      0.18        15\n           2       0.24      0.63      0.35        19\n           3       0.50      0.16      0.24        38\n           4       0.00      0.00      0.00        24\n\n    accuracy                           0.22       100\n   macro avg       0.18      0.21      0.15       100\nweighted avg       0.26      0.22      0.18       100\n"}}}, {"epoch": 4, "train_loss": 1.6211441571895893, "val_metrics": {"sentiment": {"accuracy": 0.28, "f1": 0.25366666666666665, "classification_report": "              precision    recall  f1-score   support\n\n           0       0.00      0.00      0.00         4\n           1       0.17      0.27      0.21        15\n           2       0.25      0.68      0.37        19\n           3       0.61      0.29      0.39        38\n           4       0.00      0.00      0.00        24\n\n    accuracy                           0.28       100\n   macro avg       0.21      0.25      0.19       100\nweighted avg       0.31      0.28      0.25       100\n"}}}]}