{"train_validation": [{"epoch": 1, "train_loss": 1.5787770483228896, "val_metrics": {"sentiment": {"accuracy": 0.2916666666666667, "f1": 0.3277777777777778, "classification_report": "              precision    recall  f1-score   support\n\n           0       0.00      0.00      0.00         2\n           1       0.33      0.50      0.40         2\n           2       0.09      0.50      0.15         2\n           3       0.50      0.36      0.42        14\n           4       0.00      0.00      0.00         4\n\n    accuracy                           0.29        24\n   macro avg       0.18      0.27      0.19        24\nweighted avg       0.33      0.29      0.29        24\n"}}}]}