{"train_validation": [{"epoch": 1, "train_loss": 1.5514035133215098, "val_metrics": {"engagement": {"accuracy": 0.19, "f1": 0.10571428571428573, "classification_report": "              precision    recall  f1-score   support\n\n           0       0.00      0.00      0.00        19\n           1       0.00      0.00      0.00        22\n           2       0.19      1.00      0.32        19\n           3       0.00      0.00      0.00        21\n           4       0.00      0.00      0.00        19\n\n    accuracy                           0.19       100\n   macro avg       0.04      0.20      0.06       100\nweighted avg       0.04      0.19      0.06       100\n"}}}, {"epoch": 2, "train_loss": 1.5277385711669922, "val_metrics": {"engagement": {"accuracy": 0.19, "f1": 0.10571428571428573, "classification_report": "              precision    recall  f1-score   support\n\n           0       0.00      0.00      0.00        19\n           1       0.00      0.00      0.00        22\n           2       0.19      1.00      0.32        19\n           3       0.00      0.00      0.00        21\n           4       0.00      0.00      0.00        19\n\n    accuracy                           0.19       100\n   macro avg       0.04      0.20      0.06       100\nweighted avg       0.04      0.19      0.06       100\n"}}}]}