{"train_validation": [{"epoch": 1, "train_loss": 1.505335441002479, "val_metrics": {"sentiment": {"accuracy": 0.43, "f1": 0.29580952380952374, "classification_report": "              precision    recall  f1-score   support\n\n           0       0.00      0.00      0.00         5\n           1       0.00      0.00      0.00        18\n           2       0.00      0.00      0.00        19\n           3       0.43      1.00      0.60        43\n           4       0.00      0.00      0.00        15\n\n    accuracy                           0.43       100\n   macro avg       0.09      0.20      0.12       100\nweighted avg       0.18      0.43      0.26       100\n"}}}]}