{"train_validation": [{"epoch": 1, "train_loss": 1.6480068426865797, "val_metrics": {"sentiment": {"accuracy": 0.15, "f1": 0.14533333333333334, "classification_report": "              precision    recall  f1-score   support\n\n           0       0.00      0.00      0.00         3\n           1       0.14      0.42      0.21        19\n           2       0.07      0.07      0.07        14\n           3       0.00      0.00      0.00        42\n           4       0.21      0.27      0.24        22\n\n    accuracy                           0.15       100\n   macro avg       0.08      0.15      0.10       100\nweighted avg       0.08      0.15      0.10       100\n"}}}, {"epoch": 2, "train_loss": 1.6616677871117225, "val_metrics": {"sentiment": {"accuracy": 0.15, "f1": 0.14533333333333334, "classification_report": "              precision    recall  f1-score   support\n\n           0       0.00      0.00      0.00         3\n           1       0.14      0.42      0.21        19\n           2       0.07      0.07      0.07        14\n           3       0.00      0.00      0.00        42\n           4       0.21      0.27      0.24        22\n\n    accuracy                           0.15       100\n   macro avg       0.08      0.15      0.10       100\nweighted avg       0.08      0.15      0.10       100\n"}}}]}