{"train_validation": [{"epoch": 1, "train_loss": 1.582421871332022, "val_metrics": {"sentiment": {"accuracy": 0.35, "f1": 0.22685714285714276, "classification_report": "              precision    recall  f1-score   support\n\n           0       0.00      0.00      0.00         7\n           1       0.00      0.00      0.00        21\n           2       0.00      0.00      0.00        20\n           3       0.35      1.00      0.52        35\n           4       0.00      0.00      0.00        17\n\n    accuracy                           0.35       100\n   macro avg       0.07      0.20      0.10       100\nweighted avg       0.12      0.35      0.18       100\n"}}}, {"epoch": 2, "train_loss": 1.3569321999183068, "val_metrics": {"sentiment": {"accuracy": 0.35, "f1": 0.22685714285714276, "classification_report": "              precision    recall  f1-score   support\n\n           0       0.00      0.00      0.00         7\n           1       0.00      0.00      0.00        21\n           2       0.00      0.00      0.00        20\n           3       0.35      1.00      0.52        35\n           4       0.00      0.00      0.00        17\n\n    accuracy                           0.35       100\n   macro avg       0.07      0.20      0.10       100\nweighted avg       0.12      0.35      0.18       100\n"}}}, {"epoch": 3, "train_loss": 1.3070613696024969, "val_metrics": {"sentiment": {"accuracy": 0.35, "f1": 0.22685714285714276, "classification_report": "              precision    recall  f1-score   support\n\n           0       0.00      0.00      0.00         7\n           1       0.00      0.00      0.00        21\n           2       0.00      0.00      0.00        20\n           3       0.35      1.00      0.52        35\n           4       0.00      0.00      0.00        17\n\n    accuracy                           0.35       100\n   macro avg       0.07      0.20      0.10       100\nweighted avg       0.12      0.35      0.18       100\n"}}}]}