{"train_validation": [{"epoch": 1, "train_loss": 1.552513370147118, "val_metrics": {"sentiment": {"accuracy": 0.17, "f1": 0.07433333333333335, "classification_report": "              precision    recall  f1-score   support\n\n           0       0.00      0.00      0.00         7\n           1       0.00      0.00      0.00        21\n           2       0.00      0.00      0.00        20\n           3       0.00      0.00      0.00        35\n           4       0.17      1.00      0.29        17\n\n    accuracy                           0.17       100\n   macro avg       0.03      0.20      0.06       100\nweighted avg       0.03      0.17      0.05       100\n"}}}, {"epoch": 2, "train_loss": 1.5483516913193922, "val_metrics": {"sentiment": {"accuracy": 0.17, "f1": 0.07433333333333335, "classification_report": "              precision    recall  f1-score   support\n\n           0       0.00      0.00      0.00         7\n           1       0.00      0.00      0.00        21\n           2       0.00      0.00      0.00        20\n           3       0.00      0.00      0.00        35\n           4       0.17      1.00      0.29        17\n\n    accuracy                           0.17       100\n   macro avg       0.03      0.20      0.06       100\nweighted avg       0.03      0.17      0.05       100\n"}}}, {"epoch": 3, "train_loss": 1.541667287166302, "val_metrics": {"sentiment": {"accuracy": 0.19, "f1": 0.10200000000000005, "classification_report": "              precision    recall  f1-score   support\n\n           0       0.00      0.00      0.00         7\n           1       0.00      0.00      0.00        21\n           2       0.00      0.00      0.00        20\n           3       0.33      0.06      0.10        35\n           4       0.18      1.00      0.31        17\n\n    accuracy                           0.19       100\n   macro avg       0.10      0.21      0.08       100\nweighted avg       0.15      0.19      0.09       100\n"}}}, {"epoch": 4, "train_loss": 1.5401550898185143, "val_metrics": {"sentiment": {"accuracy": 0.18, "f1": 0.09800000000000003, "classification_report": "              precision    recall  f1-score   support\n\n           0       0.00      0.00      0.00         7\n           1       0.00      0.00      0.00        21\n           2       0.00      0.00      0.00        20\n           3       0.25      0.06      0.09        35\n           4       0.17      0.94      0.29        17\n\n    accuracy                           0.18       100\n   macro avg       0.08      0.20      0.08       100\nweighted avg       0.12      0.18      0.08       100\n"}}}]}