{"train_validation": [{"epoch": 1, "train_loss": 1.639099542911236, "val_metrics": {"sentiment": {"accuracy": 0.2, "f1": 0.13204761904761905, "classification_report": "              precision    recall  f1-score   support\n\n           0       0.08      0.33      0.13         3\n           1       0.00      0.00      0.00        19\n           2       0.00      0.00      0.00        14\n           3       0.00      0.00      0.00        42\n           4       0.22      0.86      0.35        22\n\n    accuracy                           0.20       100\n   macro avg       0.06      0.24      0.10       100\nweighted avg       0.05      0.20      0.08       100\n"}}}, {"epoch": 2, "train_loss": 1.6341373737041767, "val_metrics": {"sentiment": {"accuracy": 0.19, "f1": 0.12004761904761907, "classification_report": "              precision    recall  f1-score   support\n\n           0       0.00      0.00      0.00         3\n           1       0.00      0.00      0.00        19\n           2       0.00      0.00      0.00        14\n           3       0.00      0.00      0.00        42\n           4       0.20      0.86      0.33        22\n\n    accuracy                           0.19       100\n   macro avg       0.04      0.17      0.07       100\nweighted avg       0.04      0.19      0.07       100\n"}}}, {"epoch": 3, "train_loss": 1.6330723120616033, "val_metrics": {"sentiment": {"accuracy": 0.2, "f1": 0.1253809523809524, "classification_report": "              precision    recall  f1-score   support\n\n           0       0.00      0.00      0.00         3\n           1       0.00      0.00      0.00        19\n           2       0.00      0.00      0.00        14\n           3       0.00      0.00      0.00        42\n           4       0.21      0.91      0.34        22\n\n    accuracy                           0.20       100\n   macro avg       0.04      0.18      0.07       100\nweighted avg       0.05      0.20      0.07       100\n"}}}, {"epoch": 4, "train_loss": 1.623409968156081, "val_metrics": {"sentiment": {"accuracy": 0.21, "f1": 0.1283809523809524, "classification_report": "              precision    recall  f1-score   support\n\n           0       0.00      0.00      0.00         3\n           1       0.00      0.00      0.00        19\n           2       0.00      0.00      0.00        14\n           3       0.00      0.00      0.00        42\n           4       0.21      0.95      0.35        22\n\n    accuracy                           0.21       100\n   macro avg       0.04      0.19      0.07       100\nweighted avg       0.05      0.21      0.08       100\n"}}}]}