{"train_validation": [{"epoch": 1, "train_loss": 1.510268128835238, "val_metrics": {"sentiment": {"accuracy": 0.35, "f1": 0.21009523809523803, "classification_report": "              precision    recall  f1-score   support\n\n           0       0.00      0.00      0.00         2\n           1       0.00      0.00      0.00        13\n           2       0.00      0.00      0.00        21\n           3       0.35      1.00      0.52        35\n           4       0.00      0.00      0.00        29\n\n    accuracy                           0.35       100\n   macro avg       0.07      0.20      0.10       100\nweighted avg       0.12      0.35      0.18       100\n"}}}, {"epoch": 2, "train_loss": 1.5172355633515577, "val_metrics": {"sentiment": {"accuracy": 0.35, "f1": 0.21009523809523803, "classification_report": "              precision    recall  f1-score   support\n\n           0       0.00      0.00      0.00         2\n           1       0.00      0.00      0.00        13\n           2       0.00      0.00      0.00        21\n           3       0.35      1.00      0.52        35\n           4       0.00      0.00      0.00        29\n\n    accuracy                           0.35       100\n   macro avg       0.07      0.20      0.10       100\nweighted avg       0.12      0.35      0.18       100\n"}}}, {"epoch": 3, "train_loss": 1.5131203119571393, "val_metrics": {"sentiment": {"accuracy": 0.35, "f1": 0.21009523809523803, "classification_report": "              precision    recall  f1-score   support\n\n           0       0.00      0.00      0.00         2\n           1       0.00      0.00      0.00        13\n           2       0.00      0.00      0.00        21\n           3       0.35      1.00      0.52        35\n           4       0.00      0.00      0.00        29\n\n    accuracy                           0.35       100\n   macro avg       0.07      0.20      0.10       100\nweighted avg       0.12      0.35      0.18       100\n"}}}, {"epoch": 4, "train_loss": 1.5037717452416053, "val_metrics": {"sentiment": {"accuracy": 0.35, "f1": 0.21009523809523803, "classification_report": "              precision    recall  f1-score   support\n\n           0       0.00      0.00      0.00         2\n           1       0.00      0.00      0.00        13\n           2       0.00      0.00      0.00        21\n           3       0.35      1.00      0.52        35\n           4       0.00      0.00      0.00        29\n\n    accuracy                           0.35       100\n   macro avg       0.07      0.20      0.10       100\nweighted avg       0.12      0.35      0.18       100\n"}}}]}