{"train_validation": [{"epoch": 1, "train_loss": 1.6527497860101552, "val_metrics": {"sentiment": {"accuracy": 0.18, "f1": 0.10400000000000002, "classification_report": "              precision    recall  f1-score   support\n\n           0       0.00      0.00      0.00         3\n           1       0.00      0.00      0.00        15\n           2       0.18      1.00      0.31        18\n           3       0.00      0.00      0.00        40\n           4       0.00      0.00      0.00        24\n\n    accuracy                           0.18       100\n   macro avg       0.04      0.20      0.06       100\nweighted avg       0.03      0.18      0.05       100\n"}}}, {"epoch": 2, "train_loss": 1.6615525438235357, "val_metrics": {"sentiment": {"accuracy": 0.25, "f1": 0.19866666666666666, "classification_report": "              precision    recall  f1-score   support\n\n           0       0.00      0.00      0.00         3\n           1       0.00      0.00      0.00        15\n           2       0.23      0.83      0.36        18\n           3       0.00      0.00      0.00        40\n           4       0.29      0.42      0.34        24\n\n    accuracy                           0.25       100\n   macro avg       0.10      0.25      0.14       100\nweighted avg       0.11      0.25      0.15       100\n"}}}, {"epoch": 3, "train_loss": 1.6253639643008893, "val_metrics": {"sentiment": {"accuracy": 0.25, "f1": 0.21700000000000003, "classification_report": "              precision    recall  f1-score   support\n\n           0       0.00      0.00      0.00         3\n           1       0.00      0.00      0.00        15\n           2       0.00      0.00      0.00        18\n           3       0.34      0.35      0.35        40\n           4       0.19      0.46      0.27        24\n\n    accuracy                           0.25       100\n   macro avg       0.11      0.16      0.12       100\nweighted avg       0.18      0.25      0.20       100\n"}}}]}